date,Friday,Monday,Saturday,Sunday,Thursday,Tuesday,Wednesday
2019-11-13,,,,,,,798.0
2019-11-14,,,,,241.0,,
2019-11-15,162.0,,,,,,
2019-11-16,,,241.0,,,,
2019-11-17,,,,212.0,,,
2019-11-18,,166.0,,,,,
2019-11-19,,,,,,263.0,
2019-11-20,,,,,,,83.0
2019-11-21,,,,,413.0,,
2019-11-22,392.0,,,,,,
2019-11-23,,,208.0,,,,
2019-11-24,,,,198.0,,,
2019-11-25,,487.0,,,,,
2019-11-26,,,,,,312.0,
2019-11-27,,,,,,,167.0
2019-11-28,,,,,240.0,,
2019-11-29,67.0,,,,,,
2019-11-30,,,162.0,,,,
2019-12-01,,,,128.0,,,
2019-12-02,,336.0,,,,,
2019-12-03,,,,,,187.0,
2019-12-04,,,,,,,206.0
2019-12-05,,,,,179.0,,
2019-12-06,405.0,,,,,,
2019-12-07,,,152.0,,,,
2019-12-08,,,,68.0,,,
2019-12-09,,213.0,,,,,
2019-12-10,,,,,,208.0,
2019-12-11,,,,,,,128.0
2019-12-12,,,,,234.0,,
2019-12-13,340.0,,,,,,
2019-12-14,,,201.0,,,,
2019-12-15,,,,242.0,,,
2019-12-16,,217.0,,,,,
2019-12-17,,,,,,413.0,
2019-12-18,,,,,,,233.0
2019-12-19,,,,,226.0,,
2019-12-20,279.0,,,,,,
2019-12-21,,,73.0,,,,
2019-12-22,,,,190.0,,,
2019-12-23,,131.0,,,,,
2019-12-24,,,,,,55.0,
2019-12-25,,,,,,,48.0
2019-12-26,,,,,132.0,,
2019-12-27,145.0,,,,,,
2019-12-28,,,242.0,,,,
2019-12-29,,,,222.0,,,
2019-12-30,,354.0,,,,,
2019-12-31,,,,,,202.0,
2020-01-01,,,,,,,407.0
2020-01-02,,,,,251.0,,
2020-01-03,196.0,,,,,,
2020-01-04,,,167.0,,,,
2020-01-05,,,,173.0,,,
2020-01-06,,230.0,,,,,
2020-01-07,,,,,,286.0,
2020-01-08,,,,,,,407.0
2020-01-09,,,,,321.0,,
2020-01-10,584.0,,,,,,
2020-01-11,,,239.0,,,,
2020-01-12,,,,78.0,,,
2020-01-13,,860.0,,,,,
2020-01-14,,,,,,248.0,
2020-01-15,,,,,,,387.0
2020-01-16,,,,,310.0,,
2020-01-17,609.0,,,,,,
2020-01-18,,,153.0,,,,
2020-01-19,,,,130.0,,,
2020-01-20,,134.0,,,,,
2020-01-21,,,,,,268.0,
2020-01-22,,,,,,,371.0
2020-01-23,,,,,60.0,,
2020-01-24,150.0,,,,,,
2020-01-25,,,247.0,,,,
2020-01-26,,,,53.0,,,
2020-01-27,,287.0,,,,,
2020-01-28,,,,,,237.0,
2020-01-29,,,,,,,224.0
2020-01-30,,,,,258.0,,
2020-01-31,649.0,,,,,,
2020-02-01,,,142.0,,,,
2020-02-02,,,,44.0,,,
2020-02-03,,293.0,,,,,
2020-02-04,,,,,,124.0,
2020-02-05,,,,,,,243.0
2020-02-06,,,,,178.0,,
2020-02-07,161.0,,,,,,
2020-02-08,,,224.0,,,,
2020-02-09,,,,51.0,,,
2020-02-10,,435.0,,,,,
2020-02-11,,,,,,313.0,
2020-02-12,,,,,,,306.0
2020-02-13,,,,,201.0,,
2020-02-14,256.0,,,,,,
2020-02-15,,,169.0,,,,
2020-02-16,,,,71.0,,,
2020-02-17,,112.0,,,,,
2020-02-18,,,,,,129.0,
2020-02-19,,,,,,,437.0
2020-02-20,,,,,235.0,,
2020-02-21,389.0,,,,,,
2020-02-22,,,76.0,,,,
2020-02-23,,,,94.0,,,
2020-02-24,,328.0,,,,,
2020-02-25,,,,,,120.0,
2020-02-26,,,,,,,227.0
2020-02-27,,,,,129.0,,
2020-02-28,203.0,,,,,,
2020-02-29,,,117.0,,,,
2020-03-01,,,,524.0,,,
2020-03-02,,185.0,,,,,
2020-03-03,,,,,,170.0,
2020-03-04,,,,,,,243.0
2020-03-05,,,,,180.0,,
2020-03-06,285.0,,,,,,
2020-03-07,,,69.0,,,,
2020-03-08,,,,81.0,,,
2020-03-09,,440.0,,,,,
2020-03-10,,,,,,591.0,
2020-03-11,,,,,,,163.0
2020-03-12,,,,,138.0,,
2020-03-13,339.0,,,,,,
2020-03-14,,,80.0,,,,
2020-03-15,,,,225.0,,,
2020-03-16,,33.0,,,,,
2020-03-17,,,,,,33.0,
2020-03-18,,,,,,,29.0
2020-03-19,,,,,77.0,,
2020-03-20,71.0,,,,,,
2020-03-21,,,6.0,,,,
2020-03-22,,,,89.0,,,
2020-03-23,,62.0,,,,,
2020-03-24,,,,,,28.0,
2020-03-25,,,,,,,14.0
2020-03-26,,,,,18.0,,
2020-03-27,88.0,,,,,,
2020-03-28,,,21.0,,,,
2020-03-29,,,,26.0,,,
2020-03-30,,139.0,,,,,
2020-03-31,,,,,,70.0,
2020-04-01,,,,,,,222.0
2020-04-02,,,,,134.0,,
2020-04-03,107.0,,,,,,
2020-04-04,,,90.0,,,,
2020-04-05,,,,21.0,,,
2020-04-06,,154.0,,,,,
2020-04-07,,,,,,178.0,
2020-04-08,,,,,,,33.0
2020-04-09,,,,,27.0,,
2020-04-10,98.0,,,,,,
2020-04-11,,,6.0,,,,
2020-04-12,,,,12.0,,,
2020-04-13,,61.0,,,,,
2020-04-14,,,,,,26.0,
2020-04-15,,,,,,,36.0
2020-04-16,,,,,124.0,,
2020-04-17,162.0,,,,,,
2020-04-18,,,202.0,,,,
2020-04-19,,,,51.0,,,
2020-04-20,,88.0,,,,,
2020-04-21,,,,,,67.0,
2020-04-22,,,,,,,73.0
2020-04-23,,,,,181.0,,
2020-04-24,156.0,,,,,,
2020-04-25,,,101.0,,,,
2020-04-26,,,,11.0,,,
2020-04-27,,65.0,,,,,
2020-04-28,,,,,,69.0,
2020-04-29,,,,,,,27.0
2020-04-30,,,,,67.0,,
2020-05-01,114.0,,,,,,
2020-05-02,,,22.0,,,,
2020-05-03,,,,29.0,,,
2020-05-04,,86.0,,,,,
2020-05-05,,,,,,74.0,
2020-05-06,,,,,,,101.0
2020-05-07,,,,,154.0,,
2020-05-08,7.0,,,,,,
2020-05-09,,,5.0,,,,
2020-05-10,,,,1.0,,,
2020-05-11,,64.0,,,,,
2020-05-12,,,,,,40.0,
2020-05-13,,,,,,,46.0
2020-05-14,,,,,50.0,,
2020-05-15,15.0,,,,,,
2020-05-16,,,17.0,,,,
2020-05-17,,,,51.0,,,
2020-05-18,,47.0,,,,,
2020-05-19,,,,,,139.0,
2020-05-20,,,,,,,88.0
2020-05-21,,,,,34.0,,
2020-05-22,9.0,,,,,,
2020-05-23,,,15.0,,,,
2020-05-24,,,,9.0,,,
2020-05-25,,77.0,,,,,
2020-05-26,,,,,,110.0,
2020-05-27,,,,,,,70.0
2020-05-28,,,,,26.0,,
2020-05-29,90.0,,,,,,
2020-05-30,,,69.0,,,,
2020-05-31,,,,5.0,,,
2020-06-01,,165.0,,,,,
2020-06-02,,,,,,102.0,
2020-06-03,,,,,,,103.0
2020-06-04,,,,,68.0,,
2020-06-05,156.0,,,,,,
2020-06-07,,,,142.0,,,
2020-06-08,,144.0,,,,,
2020-06-09,,,,,,24.0,
2020-06-10,,,,,,,68.0
2020-06-11,,,,,79.0,,
2020-06-12,89.0,,,,,,
2020-06-13,,,134.0,,,,
2020-06-14,,,,46.0,,,
2020-06-15,,65.0,,,,,
2020-06-16,,,,,,27.0,
2020-06-17,,,,,,,35.0
2020-06-18,,,,,79.0,,
2020-06-19,152.0,,,,,,
2020-06-20,,,53.0,,,,
2020-06-21,,,,23.0,,,
2020-06-22,,163.0,,,,,
2020-06-23,,,,,,96.0,
2020-06-24,,,,,,,179.0
2020-06-25,,,,,199.0,,
2020-06-26,63.0,,,,,,
2020-06-27,,,47.0,,,,
2020-06-28,,,,7.0,,,
2020-06-29,,196.0,,,,,
2020-06-30,,,,,,170.0,
2020-07-01,,,,,,,340.0
2020-07-02,,,,,63.0,,
2020-07-03,139.0,,,,,,
2020-07-04,,,79.0,,,,
2020-07-05,,,,72.0,,,
2020-07-06,,150.0,,,,,
2020-07-07,,,,,,234.0,
2020-07-08,,,,,,,170.0
2020-07-09,,,,,150.0,,
2020-07-10,96.0,,,,,,
2020-07-11,,,118.0,,,,
2020-07-12,,,,83.0,,,
2020-07-13,,176.0,,,,,
2020-07-14,,,,,,142.0,
2020-07-15,,,,,,,14.0
2020-07-16,,,,,208.0,,
2020-07-17,262.0,,,,,,
2020-07-18,,,63.0,,,,
2020-07-19,,,,213.0,,,
2020-07-20,,174.0,,,,,
2020-07-21,,,,,,89.0,
2020-07-22,,,,,,,50.0
2020-07-23,,,,,82.0,,
2020-07-24,195.0,,,,,,
2020-07-25,,,109.0,,,,
2020-07-26,,,,163.0,,,
2020-07-27,,143.0,,,,,
2020-07-28,,,,,,208.0,
2020-07-29,,,,,,,162.0
2020-07-30,,,,,218.0,,
2020-07-31,236.0,,,,,,
2020-08-01,,,91.0,,,,
2020-08-02,,,,125.0,,,
2020-08-03,,132.0,,,,,
2020-08-04,,,,,,108.0,
2020-08-05,,,,,,,47.0
2020-08-06,,,,,128.0,,
2020-08-07,93.0,,,,,,
2020-08-08,,,159.0,,,,
2020-08-09,,,,237.0,,,
2020-08-10,,76.0,,,,,
2020-08-11,,,,,,142.0,
2020-08-12,,,,,,,116.0
2020-08-13,,,,,25.0,,
2020-08-14,396.0,,,,,,
2020-08-15,,,59.0,,,,
2020-08-16,,,,73.0,,,
2020-08-17,,119.0,,,,,
2020-08-18,,,,,,310.0,
2020-08-19,,,,,,,598.0
2020-08-20,,,,,143.0,,
2020-08-21,76.0,,,,,,
2020-08-22,,,139.0,,,,
2020-08-23,,,,74.0,,,
2020-08-24,,57.0,,,,,
2020-08-25,,,,,,99.0,
2020-08-26,,,,,,,11.0
2020-08-27,,,,,12.0,,
2020-08-28,17.0,,,,,,
2020-08-29,,,256.0,,,,
2020-08-30,,,,236.0,,,
2020-08-31,,115.0,,,,,
2020-09-01,,,,,,42.0,
2020-09-03,,,,,66.0,,
2020-09-04,47.0,,,,,,
2020-09-05,,,141.0,,,,
2020-09-06,,,,81.0,,,
2020-09-07,,100.0,,,,,
2020-09-08,,,,,,42.0,
2020-09-09,,,,,,,121.0
2020-09-10,,,,,116.0,,
2020-09-11,108.0,,,,,,
2020-09-12,,,47.0,,,,
2020-09-13,,,,532.0,,,
2020-09-14,,30.0,,,,,
2020-09-15,,,,,,123.0,
2020-09-16,,,,,,,51.0
2020-09-17,,,,,256.0,,
2020-09-18,278.0,,,,,,
2020-09-19,,,239.0,,,,
2020-09-20,,,,34.0,,,
2020-09-21,,119.0,,,,,
2020-09-22,,,,,,40.0,
2020-09-23,,,,,,,48.0
2020-09-24,,,,,77.0,,
2020-09-25,176.0,,,,,,
2020-09-26,,,148.0,,,,
2020-09-27,,,,59.0,,,
2020-09-28,,135.0,,,,,
2020-09-29,,,,,,70.0,
2020-09-30,,,,,,,137.0
2020-10-01,,,,,72.0,,
2020-10-02,75.0,,,,,,
2020-10-03,,,90.0,,,,
2020-10-04,,,,118.0,,,
2020-10-05,,18.0,,,,,
2020-10-06,,,,,,103.0,
2020-10-07,,,,,,,94.0
2020-10-08,,,,,402.0,,
2020-10-09,60.0,,,,,,
2020-10-10,,,434.0,,,,
2020-10-11,,,,92.0,,,
2020-10-12,,61.0,,,,,
2020-10-13,,,,,,166.0,
2020-10-14,,,,,,,57.0
2020-10-15,,,,,50.0,,
2020-10-16,84.0,,,,,,
2020-10-17,,,101.0,,,,
2020-10-18,,,,57.0,,,
2020-10-19,,38.0,,,,,
2020-10-20,,,,,,57.0,
2020-10-21,,,,,,,71.0
2020-10-22,,,,,108.0,,
2020-10-23,124.0,,,,,,
2020-10-24,,,190.0,,,,
2020-10-25,,,,20.0,,,
2020-10-26,,11.0,,,,,
2020-10-27,,,,,,167.0,
2020-10-28,,,,,,,84.0
2020-10-29,,,,,137.0,,
2020-10-30,426.0,,,,,,
2020-10-31,,,184.0,,,,
2020-11-01,,,,101.0,,,
2020-11-02,,89.0,,,,,
2020-11-03,,,,,,211.0,
2020-11-04,,,,,,,216.0
2020-11-05,,,,,190.0,,
2020-11-06,249.0,,,,,,
2020-11-07,,,141.0,,,,
2020-11-08,,,,15.0,,,
2020-11-09,,49.0,,,,,
2020-11-10,,,,,,250.0,
2020-11-11,,,,,,,129.0
2020-11-12,,,,,74.0,,
2020-11-13,235.0,,,,,,
2020-11-14,,,120.0,,,,
2020-11-15,,,,9.0,,,
2020-11-16,,32.0,,,,,
2020-11-17,,,,,,97.0,
2020-11-18,,,,,,,87.0
2020-11-19,,,,,57.0,,
2020-11-20,131.0,,,,,,
2020-11-21,,,118.0,,,,
2020-11-22,,,,47.0,,,
2020-11-23,,137.0,,,,,
2020-11-24,,,,,,390.0,
2020-11-25,,,,,,,73.0
2020-11-26,,,,,125.0,,
2020-11-27,99.0,,,,,,
2020-11-28,,,41.0,,,,
2020-11-29,,,,43.0,,,
2020-11-30,,257.0,,,,,
2020-12-01,,,,,,132.0,
2020-12-02,,,,,,,101.0
2020-12-03,,,,,168.0,,
2020-12-04,89.0,,,,,,
2020-12-05,,,90.0,,,,
2020-12-06,,,,60.0,,,
2020-12-07,,22.0,,,,,
2020-12-08,,,,,,130.0,
2020-12-09,,,,,,,19.0
2020-12-10,,,,,188.0,,
2020-12-11,90.0,,,,,,
2020-12-12,,,106.0,,,,
2020-12-13,,,,21.0,,,
2020-12-14,,104.0,,,,,
2020-12-15,,,,,,149.0,
2020-12-16,,,,,,,72.0
2020-12-17,,,,,77.0,,
2020-12-18,234.0,,,,,,
2020-12-19,,,55.0,,,,
2020-12-20,,,,122.0,,,
2020-12-21,,185.0,,,,,
2020-12-22,,,,,,213.0,
2020-12-23,,,,,,,156.0
2020-12-24,,,,,89.0,,
2020-12-25,160.0,,,,,,
2020-12-26,,,97.0,,,,
2020-12-27,,,,22.0,,,
2020-12-28,,104.0,,,,,
2020-12-29,,,,,,53.0,
2020-12-30,,,,,,,61.0
2020-12-31,,,,,24.0,,
2021-01-01,105.0,,,,,,
2021-01-02,,,164.0,,,,
2021-01-03,,,,46.0,,,
2021-01-04,,104.0,,,,,
2021-01-05,,,,,,204.0,
2021-01-06,,,,,,,165.0
2021-01-07,,,,,92.0,,
2021-01-08,174.0,,,,,,
2021-01-09,,,25.0,,,,
2021-01-10,,,,89.0,,,
2021-01-11,,77.0,,,,,
2021-01-12,,,,,,150.0,
2021-01-13,,,,,,,154.0
2021-01-14,,,,,83.0,,
2021-01-15,160.0,,,,,,
2021-01-16,,,90.0,,,,
2021-01-17,,,,5.0,,,
2021-01-18,,91.0,,,,,
2021-01-19,,,,,,62.0,
2021-01-20,,,,,,,84.0
2021-01-21,,,,,231.0,,
2021-01-22,19.0,,,,,,
2021-01-23,,,127.0,,,,
2021-01-24,,,,83.0,,,
2021-01-25,,142.0,,,,,
2021-01-26,,,,,,28.0,
2021-01-27,,,,,,,3.0
2021-01-28,,,,,37.0,,
2021-01-29,195.0,,,,,,
2021-01-30,,,273.0,,,,
2021-02-01,,63.0,,,,,
2021-02-02,,,,,,79.0,
2021-02-03,,,,,,,90.0
2021-02-04,,,,,92.0,,
2021-02-05,138.0,,,,,,
2021-02-06,,,224.0,,,,
2021-02-07,,,,12.0,,,
2021-02-08,,106.0,,,,,
2021-02-09,,,,,,285.0,
2021-02-10,,,,,,,114.0
2021-02-11,,,,,142.0,,
2021-02-12,95.0,,,,,,
2021-02-13,,,278.0,,,,
2021-02-14,,,,60.0,,,
2021-02-15,,63.0,,,,,
2021-02-16,,,,,,132.0,
2021-02-17,,,,,,,37.0
2021-02-18,,,,,99.0,,
2021-02-19,175.0,,,,,,
2021-02-20,,,295.0,,,,
2021-02-21,,,,181.0,,,
2021-02-22,,71.0,,,,,
2021-02-23,,,,,,99.0,
2021-02-24,,,,,,,158.0
2021-02-25,,,,,157.0,,
2021-02-26,68.0,,,,,,
2021-02-27,,,248.0,,,,
2021-02-28,,,,46.0,,,
2021-03-01,,249.0,,,,,
2021-03-02,,,,,,35.0,
2021-03-03,,,,,,,137.0
2021-03-04,,,,,91.0,,
2021-03-05,229.0,,,,,,
2021-03-06,,,253.0,,,,
2021-03-07,,,,345.0,,,
2021-03-08,,80.0,,,,,
2021-03-09,,,,,,124.0,
2021-03-10,,,,,,,85.0
2021-03-11,,,,,123.0,,
2021-03-12,65.0,,,,,,
2021-03-13,,,159.0,,,,
2021-03-14,,,,31.0,,,
2021-03-15,,8.0,,,,,
2021-03-16,,,,,,181.0,
2021-03-17,,,,,,,84.0
2021-03-18,,,,,32.0,,
2021-03-19,94.0,,,,,,
2021-03-20,,,169.0,,,,
2021-03-21,,,,108.0,,,
2021-03-22,,61.0,,,,,
2021-03-23,,,,,,40.0,
2021-03-24,,,,,,,79.0
2021-03-25,,,,,117.0,,
2021-03-26,186.0,,,,,,
2021-03-27,,,193.0,,,,
2021-03-28,,,,135.0,,,
2021-03-29,,87.0,,,,,
2021-03-30,,,,,,94.0,
2021-03-31,,,,,,,108.0
2021-04-01,,,,,290.0,,
2021-04-02,207.0,,,,,,
2021-04-03,,,178.0,,,,
2021-04-04,,,,149.0,,,
2021-04-05,,45.0,,,,,
2021-04-06,,,,,,55.0,
2021-04-07,,,,,,,68.0
2021-04-08,,,,,259.0,,
2021-04-09,65.0,,,,,,
2021-04-10,,,219.0,,,,
2021-04-11,,,,52.0,,,
2021-04-12,,58.0,,,,,
2021-04-13,,,,,,466.0,
2021-04-14,,,,,,,45.0
2021-04-15,,,,,33.0,,
2021-04-16,289.0,,,,,,
2021-04-17,,,243.0,,,,
2021-04-18,,,,62.0,,,
2021-04-19,,87.0,,,,,
2021-04-20,,,,,,63.0,
2021-04-21,,,,,,,16.0
2021-04-22,,,,,83.0,,
2021-04-23,134.0,,,,,,
2021-04-24,,,291.0,,,,
2021-04-25,,,,19.0,,,
2021-04-26,,80.0,,,,,
2021-04-27,,,,,,102.0,
2021-04-28,,,,,,,121.0
2021-04-29,,,,,111.0,,
2021-04-30,107.0,,,,,,
2021-05-01,,,156.0,,,,
2021-05-02,,,,75.0,,,
2021-05-03,,122.0,,,,,
2021-05-04,,,,,,110.0,
2021-05-05,,,,,,,178.0
2021-05-06,,,,,86.0,,
2021-05-07,144.0,,,,,,
2021-05-08,,,233.0,,,,
2021-05-09,,,,175.0,,,
2021-05-10,,81.0,,,,,
2021-05-11,,,,,,69.0,
2021-05-12,,,,,,,262.0
2021-05-13,,,,,36.0,,
2021-05-14,490.0,,,,,,
2021-05-15,,,232.0,,,,
2021-05-16,,,,56.0,,,
2021-05-17,,89.0,,,,,
2021-05-18,,,,,,123.0,
2021-05-19,,,,,,,76.0
2021-05-20,,,,,60.0,,
2021-05-21,215.0,,,,,,
2021-05-22,,,410.0,,,,
2021-05-23,,,,219.0,,,
2021-05-24,,66.0,,,,,
2021-05-25,,,,,,138.0,
2021-05-26,,,,,,,157.0
2021-05-27,,,,,229.0,,
2021-05-28,139.0,,,,,,
2021-05-29,,,318.0,,,,
2021-05-30,,,,18.0,,,
2021-05-31,,90.0,,,,,
2021-06-01,,,,,,110.0,
2021-06-02,,,,,,,57.0
2021-06-03,,,,,70.0,,
2021-06-04,276.0,,,,,,
2021-06-05,,,146.0,,,,
2021-06-06,,,,108.0,,,
2021-06-07,,125.0,,,,,
2021-06-08,,,,,,262.0,
2021-06-09,,,,,,,107.0
2021-06-10,,,,,148.0,,
2021-06-11,218.0,,,,,,
2021-06-12,,,239.0,,,,
2021-06-13,,,,212.0,,,
2021-06-14,,23.0,,,,,
2021-06-15,,,,,,98.0,
2021-06-16,,,,,,,66.0
2021-06-17,,,,,3.0,,
2021-06-18,196.0,,,,,,
2021-06-19,,,155.0,,,,
2021-06-20,,,,29.0,,,
2021-06-21,,102.0,,,,,
2021-06-22,,,,,,53.0,
2021-06-23,,,,,,,124.0
2021-06-24,,,,,44.0,,
2021-06-25,134.0,,,,,,
2021-06-26,,,98.0,,,,
2021-06-27,,,,102.0,,,
2021-06-28,,150.0,,,,,
2021-06-29,,,,,,106.0,
2021-06-30,,,,,,,31.0
2021-07-01,,,,,84.0,,
2021-07-02,202.0,,,,,,
2021-07-03,,,191.0,,,,
2021-07-04,,,,282.0,,,
2021-07-05,,158.0,,,,,
2021-07-06,,,,,,79.0,
2021-07-07,,,,,,,73.0
2021-07-08,,,,,163.0,,
2021-07-09,220.0,,,,,,
2021-07-10,,,28.0,,,,
2021-07-11,,,,285.0,,,
2021-07-12,,81.0,,,,,
2021-07-13,,,,,,84.0,
2021-07-14,,,,,,,51.0
2021-07-15,,,,,112.0,,
2021-07-16,106.0,,,,,,
2021-07-17,,,125.0,,,,
2021-07-18,,,,147.0,,,
2021-07-19,,24.0,,,,,
2021-07-20,,,,,,118.0,
2021-07-21,,,,,,,67.0
2021-07-22,,,,,174.0,,
2021-07-23,245.0,,,,,,
2021-07-24,,,232.0,,,,
2021-07-25,,,,163.0,,,
2021-07-26,,89.0,,,,,
2021-07-27,,,,,,153.0,
2021-07-28,,,,,,,152.0
2021-07-29,,,,,69.0,,
2021-07-30,126.0,,,,,,
2021-07-31,,,199.0,,,,
2021-08-01,,,,155.0,,,
2021-08-02,,124.0,,,,,
2021-08-03,,,,,,90.0,
2021-08-04,,,,,,,192.0
2021-08-05,,,,,24.0,,
2021-08-06,172.0,,,,,,
2021-08-07,,,233.0,,,,
2021-08-08,,,,11.0,,,
2021-08-09,,204.0,,,,,
2021-08-10,,,,,,126.0,
2021-08-11,,,,,,,579.0
2021-08-12,,,,,160.0,,
2021-08-13,392.0,,,,,,
2021-08-14,,,121.0,,,,
2021-08-15,,,,213.0,,,
2021-08-16,,188.0,,,,,
2021-08-17,,,,,,113.0,
2021-08-18,,,,,,,121.0
2021-08-19,,,,,46181.0,,
2021-08-20,174.0,,,,,,
2021-08-21,,,511.0,,,,
2021-08-22,,,,352.0,,,
2021-08-23,,195.0,,,,,
2021-08-24,,,,,,64.0,
2021-08-25,,,,,,,93.0
2021-08-26,,,,,62.0,,
2021-08-27,185.0,,,,,,
2021-08-28,,,126.0,,,,
2021-08-29,,,,322.0,,,
2021-08-30,,154.0,,,,,
2021-08-31,,,,,,144.0,
2021-09-01,,,,,,,233.0
2021-09-02,,,,,106.0,,
2021-09-03,160.0,,,,,,
2021-09-04,,,252.0,,,,
2021-09-05,,,,171.0,,,
2021-09-06,,125.0,,,,,
2021-09-07,,,,,,80.0,
2021-09-08,,,,,,,232.0
2021-09-09,,,,,212.0,,
2021-09-10,348.0,,,,,,
2021-09-11,,,135.0,,,,
2021-09-12,,,,133.0,,,
2021-09-13,,184.0,,,,,
2021-09-14,,,,,,200.0,
2021-09-15,,,,,,,369.0
2021-09-16,,,,,201.0,,
2021-09-17,308.0,,,,,,
2021-09-18,,,306.0,,,,
2021-09-19,,,,269.0,,,
2021-09-20,,243.0,,,,,
2021-09-21,,,,,,583.0,
2021-09-22,,,,,,,193.0
2021-09-23,,,,,423.0,,
2021-09-24,338.0,,,,,,
2021-09-25,,,287.0,,,,
2021-09-26,,,,128.0,,,
2021-09-27,,140.0,,,,,
2021-09-28,,,,,,322.0,
2021-09-29,,,,,,,524.0
2021-09-30,,,,,181.0,,
2021-10-01,564.0,,,,,,
2021-10-02,,,134.0,,,,
2021-10-03,,,,174.0,,,
2021-10-04,,378.0,,,,,
2021-10-05,,,,,,311.0,
2021-10-06,,,,,,,312.0
2021-10-07,,,,,384.0,,
2021-10-08,432.0,,,,,,
2021-10-09,,,150.0,,,,
2021-10-10,,,,131.0,,,
2021-10-11,,221.0,,,,,
2021-10-12,,,,,,250.0,
2021-10-13,,,,,,,271.0
2021-10-14,,,,,450.0,,
2021-10-15,300.0,,,,,,
2021-10-16,,,194.0,,,,
2021-10-17,,,,234.0,,,
2021-10-18,,546.0,,,,,
2021-10-19,,,,,,359.0,
2021-10-20,,,,,,,354.0
2021-10-21,,,,,231.0,,
2021-10-22,277.0,,,,,,
2021-10-23,,,105.0,,,,
2021-10-24,,,,133.0,,,
2021-10-25,,245.0,,,,,
2021-10-26,,,,,,77.0,
2021-10-27,,,,,,,272.0
2021-10-28,,,,,481.0,,
2021-10-29,238.0,,,,,,
2021-10-30,,,41.0,,,,
2021-10-31,,,,88.0,,,
2021-11-01,,241.0,,,,,
2021-11-02,,,,,,237.0,
2021-11-03,,,,,,,120.0
2021-11-04,,,,,176.0,,
2021-11-05,380.0,,,,,,
2021-11-06,,,84.0,,,,
2021-11-07,,,,124.0,,,
2021-11-08,,210.0,,,,,
2021-11-09,,,,,,79.0,
2021-11-10,,,,,,,144.0
2021-11-11,,,,,362.0,,
2021-11-12,708.0,,,,,,
2021-11-13,,,229.0,,,,
2021-11-14,,,,211.0,,,
2021-11-15,,303.0,,,,,
2021-11-16,,,,,,539.0,
2021-11-17,,,,,,,228.0
2021-11-18,,,,,543.0,,
2021-11-19,264.0,,,,,,
2021-11-20,,,77.0,,,,
2021-11-21,,,,65.0,,,
2021-11-22,,241.0,,,,,
2021-11-23,,,,,,278.0,
2021-11-24,,,,,,,512.0
2021-11-25,,,,,150.0,,
2021-11-26,46.0,,,,,,
2021-11-27,,,216.0,,,,
2021-11-28,,,,376.0,,,
2021-11-29,,363.0,,,,,
2021-11-30,,,,,,479.0,
2021-12-01,,,,,,,190.0
2021-12-02,,,,,448.0,,
2021-12-03,428.0,,,,,,
2021-12-04,,,152.0,,,,
2021-12-05,,,,333.0,,,
2021-12-06,,347.0,,,,,
2021-12-07,,,,,,419.0,
2021-12-08,,,,,,,290.0
2021-12-09,,,,,413.0,,
2021-12-10,569.0,,,,,,
2021-12-11,,,130.0,,,,
2021-12-12,,,,63.0,,,
2021-12-13,,306.0,,,,,
2021-12-14,,,,,,266.0,
2021-12-15,,,,,,,370.0
2021-12-16,,,,,270.0,,
2021-12-17,373.0,,,,,,
2021-12-18,,,174.0,,,,
2021-12-19,,,,88.0,,,
2021-12-20,,252.0,,,,,
2021-12-21,,,,,,252.0,
2021-12-22,,,,,,,354.0
2021-12-23,,,,,326.0,,
2021-12-24,272.0,,,,,,
2021-12-25,,,65.0,,,,
2021-12-26,,,,67.0,,,
2021-12-27,,399.0,,,,,
2021-12-28,,,,,,163.0,
2021-12-29,,,,,,,276.0
2021-12-30,,,,,95.0,,
2021-12-31,158.0,,,,,,
2022-01-01,,,137.0,,,,
2022-01-02,,,,346.0,,,
2022-01-03,,162.0,,,,,
2022-01-04,,,,,,182.0,
2022-01-05,,,,,,,130.0
2022-01-06,,,,,809.0,,
2022-01-07,115.0,,,,,,
2022-01-08,,,253.0,,,,
2022-01-09,,,,118.0,,,
2022-01-10,,102.0,,,,,
2022-01-11,,,,,,437.0,
2022-01-12,,,,,,,111.0
2022-01-13,,,,,256.0,,
2022-01-14,284.0,,,,,,
2022-01-15,,,80.0,,,,
2022-01-16,,,,76.0,,,
2022-01-17,,40.0,,,,,
2022-01-18,,,,,,305.0,
2022-01-19,,,,,,,373.0
2022-01-20,,,,,287.0,,
2022-01-21,483.0,,,,,,
2022-01-22,,,96.0,,,,
2022-01-23,,,,176.0,,,
2022-01-24,,180.0,,,,,
2022-01-25,,,,,,236.0,
2022-01-26,,,,,,,323.0
2022-01-27,,,,,236.0,,
2022-01-28,347.0,,,,,,
2022-01-29,,,105.0,,,,
2022-01-30,,,,18.0,,,
2022-01-31,,191.0,,,,,
2022-02-01,,,,,,153.0,
2022-02-02,,,,,,,293.0
2022-02-03,,,,,130.0,,
2022-02-04,316.0,,,,,,
2022-02-05,,,187.0,,,,
2022-02-06,,,,152.0,,,
2022-02-07,,311.0,,,,,
2022-02-08,,,,,,243.0,
2022-02-09,,,,,,,397.0
2022-02-10,,,,,169.0,,
2022-02-11,248.0,,,,,,
2022-02-12,,,222.0,,,,
2022-02-13,,,,260.0,,,
2022-02-14,,289.0,,,,,
2022-02-15,,,,,,228.0,
2022-02-16,,,,,,,252.0
2022-02-17,,,,,203.0,,
2022-02-18,289.0,,,,,,
2022-02-19,,,148.0,,,,
2022-02-20,,,,208.0,,,
2022-02-21,,94.0,,,,,
2022-02-22,,,,,,164.0,
2022-02-23,,,,,,,197.0
2022-02-24,,,,,191.0,,
2022-02-25,169.0,,,,,,
2022-02-26,,,67.0,,,,
2022-02-27,,,,146.0,,,
2022-02-28,,278.0,,,,,
2022-03-01,,,,,,326.0,
2022-03-02,,,,,,,230.0
2022-03-03,,,,,208.0,,
2022-03-04,435.0,,,,,,
2022-03-05,,,83.0,,,,
2022-03-06,,,,155.0,,,
2022-03-07,,239.0,,,,,
2022-03-08,,,,,,292.0,
2022-03-09,,,,,,,193.0
2022-03-10,,,,,286.0,,
2022-03-11,383.0,,,,,,
2022-03-12,,,167.0,,,,
2022-03-13,,,,95.0,,,
2022-03-14,,234.0,,,,,
2022-03-15,,,,,,204.0,
2022-03-16,,,,,,,184.0
2022-03-17,,,,,45.0,,
2022-03-18,40.0,,,,,,
2022-03-19,,,76.0,,,,
2022-03-20,,,,101.0,,,
2022-03-21,,255.0,,,,,
2022-03-22,,,,,,196.0,
2022-03-23,,,,,,,226.0
2022-03-24,,,,,323.0,,
2022-03-25,469.0,,,,,,
2022-03-26,,,67.0,,,,
2022-03-27,,,,68.0,,,
2022-03-28,,266.0,,,,,
2022-03-29,,,,,,286.0,
2022-03-30,,,,,,,261.0
2022-03-31,,,,,252.0,,
2022-04-01,498.0,,,,,,
2022-04-02,,,129.0,,,,
2022-04-03,,,,97.0,,,
2022-04-04,,255.0,,,,,
2022-04-05,,,,,,231.0,
2022-04-06,,,,,,,244.0
2022-04-07,,,,,308.0,,
2022-04-08,480.0,,,,,,
2022-04-09,,,195.0,,,,
2022-04-10,,,,98.0,,,
2022-04-11,,284.0,,,,,
2022-04-12,,,,,,216.0,
2022-04-13,,,,,,,133.0
2022-04-14,,,,,74.0,,
2022-04-15,147.0,,,,,,
2022-04-16,,,187.0,,,,
2022-04-17,,,,119.0,,,
2022-04-18,,86.0,,,,,
2022-04-19,,,,,,302.0,
2022-04-20,,,,,,,380.0
2022-04-21,,,,,215.0,,
2022-04-22,312.0,,,,,,
2022-04-23,,,91.0,,,,
2022-04-24,,,,81.0,,,
2022-04-25,,225.0,,,,,
2022-04-26,,,,,,625.0,
2022-04-27,,,,,,,561.0
2022-04-28,,,,,107.0,,
2022-04-29,329.0,,,,,,
2022-04-30,,,104.0,,,,
2022-05-01,,,,195.0,,,
2022-05-02,,299.0,,,,,
2022-05-03,,,,,,340.0,
2022-05-04,,,,,,,332.0
2022-05-05,,,,,185.0,,
2022-05-06,325.0,,,,,,
2022-05-07,,,118.0,,,,
2022-05-08,,,,113.0,,,
2022-05-09,,404.0,,,,,
2022-05-10,,,,,,247.0,
2022-05-11,,,,,,,417.0
2022-05-12,,,,,124.0,,
2022-05-13,204.0,,,,,,
2022-05-14,,,73.0,,,,
2022-05-15,,,,137.0,,,
2022-05-16,,324.0,,,,,
2022-05-17,,,,,,282.0,
2022-05-18,,,,,,,218.0
2022-05-19,,,,,318.0,,
2022-05-20,386.0,,,,,,
2022-05-21,,,72.0,,,,
2022-05-22,,,,187.0,,,
2022-05-23,,302.0,,,,,
2022-05-24,,,,,,248.0,
2022-05-25,,,,,,,237.0
2022-05-26,,,,,230.0,,
2022-05-27,85.0,,,,,,
2022-05-28,,,85.0,,,,
2022-05-29,,,,254.0,,,
2022-05-30,,145.0,,,,,
2022-05-31,,,,,,253.0,
2022-06-01,,,,,,,228.0
2022-06-02,,,,,312.0,,
2022-06-03,217.0,,,,,,
2022-06-04,,,158.0,,,,
2022-06-05,,,,142.0,,,
2022-06-06,,360.0,,,,,
2022-06-07,,,,,,280.0,
2022-06-08,,,,,,,305.0
2022-06-09,,,,,214.0,,
2022-06-10,325.0,,,,,,
2022-06-11,,,50.0,,,,
2022-06-12,,,,248.0,,,
2022-06-13,,322.0,,,,,
2022-06-14,,,,,,170.0,
2022-06-15,,,,,,,282.0
2022-06-16,,,,,273.0,,
2022-06-17,163.0,,,,,,
2022-06-18,,,86.0,,,,
2022-06-19,,,,145.0,,,
2022-06-20,,230.0,,,,,
2022-06-21,,,,,,189.0,
2022-06-22,,,,,,,257.0
2022-06-23,,,,,76.0,,
2022-06-24,236.0,,,,,,
2022-06-25,,,129.0,,,,
2022-06-26,,,,171.0,,,
2022-06-27,,181.0,,,,,
2022-06-28,,,,,,95.0,
2022-06-29,,,,,,,191.0
2022-06-30,,,,,243.0,,
2022-07-01,236.0,,,,,,
2022-07-02,,,134.0,,,,
2022-07-03,,,,28.0,,,
2022-07-04,,101.0,,,,,
2022-07-05,,,,,,121.0,
2022-07-06,,,,,,,83.0
2022-07-07,,,,,197.0,,
2022-07-08,181.0,,,,,,
2022-07-09,,,203.0,,,,
2022-07-10,,,,117.0,,,
2022-07-11,,271.0,,,,,
2022-07-12,,,,,,109.0,
2022-07-13,,,,,,,120.0
2022-07-14,,,,,135.0,,
2022-07-15,110.0,,,,,,
2022-07-16,,,108.0,,,,
2022-07-17,,,,165.0,,,
2022-07-18,,113.0,,,,,
2022-07-19,,,,,,146.0,
2022-07-20,,,,,,,88.0
2022-07-21,,,,,137.0,,
2022-07-22,402.0,,,,,,
2022-07-23,,,129.0,,,,
2022-07-24,,,,33.0,,,
2022-07-25,,80.0,,,,,
2022-07-26,,,,,,120.0,
2022-07-27,,,,,,,184.0
2022-07-28,,,,,318.0,,
2022-07-29,125.0,,,,,,
2022-07-30,,,120.0,,,,
2022-07-31,,,,73.0,,,
2022-08-01,,127.0,,,,,
2022-08-02,,,,,,44.0,
2022-08-03,,,,,,,156.0
2022-08-04,,,,,69.0,,
2022-08-05,186.0,,,,,,
2022-08-06,,,19.0,,,,
2022-08-07,,,,98.0,,,
2022-08-08,,99.0,,,,,
2022-08-09,,,,,,38.0,
2022-08-10,,,,,,,183.0
2022-08-11,,,,,129.0,,
2022-08-12,152.0,,,,,,
2022-08-13,,,80.0,,,,
2022-08-14,,,,113.0,,,
2022-08-15,,171.0,,,,,
2022-08-16,,,,,,110.0,
2022-08-17,,,,,,,16.0
2022-08-18,,,,,82.0,,
2022-08-19,145.0,,,,,,
2022-08-20,,,6.0,,,,
2022-08-21,,,,80.0,,,
2022-08-22,,104.0,,,,,
2022-08-23,,,,,,214.0,
2022-08-24,,,,,,,142.0
2022-08-25,,,,,7.0,,
2022-08-26,189.0,,,,,,
2022-08-27,,,17.0,,,,
2022-08-28,,,,25.0,,,
2022-08-29,,46.0,,,,,
2022-08-30,,,,,,66.0,
2022-08-31,,,,,,,32.0
2022-09-01,,,,,73.0,,
2022-09-02,59.0,,,,,,
2022-09-03,,,45.0,,,,
2022-09-04,,,,43.0,,,
2022-09-05,,109.0,,,,,
2022-09-06,,,,,,195.0,
2022-09-07,,,,,,,236.0
2022-09-08,,,,,223.0,,
2022-09-09,190.0,,,,,,
2022-09-10,,,25.0,,,,
2022-09-11,,,,7.0,,,
2022-09-12,,162.0,,,,,
2022-09-13,,,,,,344.0,
2022-09-14,,,,,,,291.0
2022-09-15,,,,,199.0,,
2022-09-16,262.0,,,,,,
2022-09-18,,,,31.0,,,
2022-09-19,,317.0,,,,,
2022-09-20,,,,,,194.0,
2022-09-21,,,,,,,241.0
2022-09-22,,,,,194.0,,
2022-09-23,297.0,,,,,,
2022-09-24,,,92.0,,,,
2022-09-25,,,,49.0,,,
2022-09-26,,43.0,,,,,
2022-09-27,,,,,,130.0,
2022-09-28,,,,,,,198.0
2022-09-29,,,,,55.0,,
2022-09-30,245.0,,,,,,
2022-10-01,,,59.0,,,,
2022-10-02,,,,80.0,,,
2022-10-03,,170.0,,,,,
2022-10-04,,,,,,216.0,
2022-10-05,,,,,,,25.0
2022-10-06,,,,,404.0,,
2022-10-07,190.0,,,,,,
2022-10-08,,,124.0,,,,
2022-10-09,,,,121.0,,,
2022-10-10,,16.0,,,,,
2022-10-11,,,,,,338.0,
2022-10-12,,,,,,,283.0
2022-10-13,,,,,256.0,,
2022-10-14,280.0,,,,,,
2022-10-15,,,38.0,,,,
2022-10-16,,,,29.0,,,
2022-10-17,,582.0,,,,,
2022-10-18,,,,,,270.0,
2022-10-19,,,,,,,393.0
2022-10-20,,,,,287.0,,
2022-10-21,309.0,,,,,,
2022-10-22,,,12.0,,,,
2022-10-23,,,,5.0,,,
2022-10-24,,349.0,,,,,
2022-10-25,,,,,,132.0,
2022-10-26,,,,,,,370.0
2022-10-27,,,,,218.0,,
2022-10-28,304.0,,,,,,
2022-10-29,,,110.0,,,,
2022-10-30,,,,173.0,,,
2022-10-31,,202.0,,,,,
2022-11-01,,,,,,8.0,
2022-11-02,,,,,,,3.0
2022-11-03,,,,,1.0,,
2022-11-04,159.0,,,,,,
2022-11-05,,,36.0,,,,
2022-11-07,,298.0,,,,,
2022-11-08,,,,,,210.0,
2022-11-09,,,,,,,23.0
2022-11-10,,,,,61.0,,
2022-11-11,123.0,,,,,,
2022-11-12,,,93.0,,,,
2022-11-13,,,,153.0,,,
2022-11-14,,199.0,,,,,
2022-11-15,,,,,,297.0,
2022-11-16,,,,,,,246.0
2022-11-17,,,,,297.0,,
2022-11-18,261.0,,,,,,
2022-11-19,,,25.0,,,,
2022-11-20,,,,68.0,,,
2022-11-21,,29.0,,,,,
2022-11-22,,,,,,275.0,
2022-11-23,,,,,,,179.0
2022-11-24,,,,,74.0,,
2022-11-26,,,137.0,,,,
2022-11-27,,,,49.0,,,
2022-11-28,,222.0,,,,,
2022-11-29,,,,,,199.0,
2022-11-30,,,,,,,81.0
2022-12-01,,,,,206.0,,
2022-12-02,289.0,,,,,,
2022-12-03,,,113.0,,,,
2022-12-04,,,,2.0,,,
2022-12-05,,225.0,,,,,
2022-12-06,,,,,,270.0,
2022-12-07,,,,,,,257.0
2022-12-08,,,,,295.0,,
2022-12-09,488.0,,,,,,
2022-12-10,,,49.0,,,,
2022-12-11,,,,65.0,,,
2022-12-12,,370.0,,,,,
2022-12-13,,,,,,222.0,
2022-12-14,,,,,,,159.0
2022-12-15,,,,,300.0,,
2022-12-16,233.0,,,,,,
2022-12-17,,,83.0,,,,
2022-12-18,,,,71.0,,,
2022-12-19,,263.0,,,,,
2022-12-20,,,,,,202.0,
2022-12-21,,,,,,,182.0
2022-12-22,,,,,141.0,,
2022-12-23,182.0,,,,,,
2022-12-24,,,14.0,,,,
2022-12-26,,56.0,,,,,
2022-12-27,,,,,,56.0,
2022-12-28,,,,,,,60.0
2022-12-29,,,,,54.0,,
2022-12-30,49.0,,,,,,
2022-12-31,,,80.0,,,,
2023-01-01,,,,66.0,,,
2023-01-02,,32.0,,,,,
2023-01-03,,,,,,348.0,
2023-01-04,,,,,,,226.0
2023-01-05,,,,,230.0,,
2023-01-06,291.0,,,,,,
2023-01-07,,,62.0,,,,
2023-01-08,,,,13.0,,,
2023-01-09,,250.0,,,,,
2023-01-10,,,,,,148.0,
2023-01-11,,,,,,,188.0
2023-01-12,,,,,223.0,,
2023-01-13,182.0,,,,,,
2023-01-14,,,3.0,,,,
2023-01-15,,,,104.0,,,
2023-01-16,,84.0,,,,,
2023-01-17,,,,,,226.0,
2023-01-18,,,,,,,165.0
2023-01-19,,,,,282.0,,
2023-01-20,329.0,,,,,,
2023-01-21,,,81.0,,,,
2023-01-22,,,,44.0,,,
2023-01-23,,43.0,,,,,
2023-01-24,,,,,,187.0,
2023-01-25,,,,,,,82.0
2023-01-26,,,,,161.0,,
2023-01-27,252.0,,,,,,
2023-01-28,,,149.0,,,,
2023-01-29,,,,104.0,,,
2023-01-30,,156.0,,,,,
2023-01-31,,,,,,173.0,
2023-02-01,,,,,,,185.0
2023-02-02,,,,,82.0,,
2023-02-03,200.0,,,,,,
2023-02-04,,,14.0,,,,
2023-02-05,,,,32.0,,,
2023-02-06,,230.0,,,,,
2023-02-07,,,,,,264.0,
2023-02-08,,,,,,,238.0
2023-02-09,,,,,163.0,,
2023-02-10,251.0,,,,,,
2023-02-11,,,97.0,,,,
2023-02-12,,,,85.0,,,
2023-02-13,,111.0,,,,,
2023-02-14,,,,,,208.0,
2023-02-15,,,,,,,40.0
2023-02-16,,,,,80.0,,
2023-02-17,174.0,,,,,,
2023-02-18,,,3.0,,,,
2023-02-19,,,,111.0,,,
2023-02-20,,139.0,,,,,
2023-02-21,,,,,,88.0,
2023-02-22,,,,,,,275.0
2023-02-23,,,,,53.0,,
2023-02-24,313.0,,,,,,
2023-02-25,,,43.0,,,,
2023-02-26,,,,70.0,,,
2023-02-27,,247.0,,,,,
2023-02-28,,,,,,157.0,
2023-03-01,,,,,,,220.0
2023-03-02,,,,,357.0,,
2023-03-03,307.0,,,,,,
2023-03-04,,,93.0,,,,
2023-03-05,,,,104.0,,,
2023-03-06,,402.0,,,,,
2023-03-07,,,,,,256.0,
2023-03-08,,,,,,,314.0
2023-03-09,,,,,288.0,,
2023-03-10,505.0,,,,,,
2023-03-11,,,130.0,,,,
2023-03-12,,,,86.0,,,
2023-03-13,,182.0,,,,,
2023-03-14,,,,,,340.0,
2023-03-15,,,,,,,235.0
2023-03-16,,,,,169.0,,
2023-03-17,142.0,,,,,,
2023-03-18,,,258.0,,,,
2023-03-19,,,,102.0,,,
2023-03-20,,277.0,,,,,
2023-03-21,,,,,,332.0,
2023-03-22,,,,,,,322.0
2023-03-23,,,,,35.0,,
2023-03-24,23.0,,,,,,
2023-03-25,,,4.0,,,,
2023-03-26,,,,40.0,,,
2023-03-27,,7.0,,,,,
2023-03-28,,,,,,19.0,
2023-03-29,,,,,,,324.0
2023-03-30,,,,,511.0,,
2023-03-31,325.0,,,,,,
2023-04-01,,,139.0,,,,
2023-04-02,,,,73.0,,,
2023-04-03,,133.0,,,,,
2023-04-04,,,,,,168.0,
2023-04-05,,,,,,,271.0
2023-04-06,,,,,169.0,,
2023-04-07,264.0,,,,,,
2023-04-08,,,118.0,,,,
2023-04-09,,,,51.0,,,
2023-04-10,,200.0,,,,,
2023-04-11,,,,,,222.0,
2023-04-12,,,,,,,189.0
2023-04-13,,,,,266.0,,
2023-04-14,363.0,,,,,,
2023-04-15,,,248.0,,,,
2023-04-16,,,,81.0,,,
2023-04-17,,336.0,,,,,
2023-04-18,,,,,,225.0,
2023-04-19,,,,,,,220.0
2023-04-20,,,,,274.0,,
2023-04-21,307.0,,,,,,
2023-04-22,,,117.0,,,,
2023-04-23,,,,93.0,,,
2023-04-24,,320.0,,,,,
2023-04-25,,,,,,289.0,
2023-04-26,,,,,,,211.0
2023-04-27,,,,,277.0,,
2023-04-28,295.0,,,,,,
2023-04-29,,,369.0,,,,
2023-04-30,,,,182.0,,,
2023-05-01,,294.0,,,,,
2023-05-02,,,,,,183.0,
2023-05-03,,,,,,,146.0
2023-05-04,,,,,252.0,,
2023-05-05,267.0,,,,,,
2023-05-06,,,75.0,,,,
2023-05-07,,,,105.0,,,
2023-05-08,,285.0,,,,,
2023-05-09,,,,,,253.0,
2023-05-10,,,,,,,166.0
2023-05-11,,,,,316.0,,
2023-05-12,329.0,,,,,,
2023-05-13,,,83.0,,,,
2023-05-14,,,,141.0,,,
2023-05-15,,337.0,,,,,
2023-05-16,,,,,,497.0,
2023-05-17,,,,,,,207.0
2023-05-18,,,,,241.0,,
2023-05-19,223.0,,,,,,
2023-05-20,,,170.0,,,,
2023-05-21,,,,101.0,,,
2023-05-22,,176.0,,,,,
2023-05-23,,,,,,351.0,
2023-05-24,,,,,,,400.0
2023-05-25,,,,,456.0,,
2023-05-26,317.0,,,,,,
2023-05-27,,,159.0,,,,
2023-05-28,,,,18.0,,,
2023-05-29,,176.0,,,,,
2023-05-30,,,,,,404.0,
2023-05-31,,,,,,,220.0
2023-06-01,,,,,361.0,,
2023-06-02,192.0,,,,,,
2023-06-03,,,75.0,,,,
2023-06-04,,,,282.0,,,
2023-06-05,,315.0,,,,,
2023-06-06,,,,,,226.0,
2023-06-07,,,,,,,301.0
2023-06-08,,,,,295.0,,
2023-06-09,216.0,,,,,,
2023-06-10,,,13.0,,,,
2023-06-11,,,,63.0,,,
2023-06-12,,68.0,,,,,
2023-06-13,,,,,,333.0,
2023-06-14,,,,,,,147.0
2023-06-15,,,,,317.0,,
2023-06-16,74.0,,,,,,
2023-06-17,,,141.0,,,,
2023-06-18,,,,171.0,,,
2023-06-19,,330.0,,,,,
2023-06-20,,,,,,218.0,
2023-06-21,,,,,,,247.0
2023-06-22,,,,,125.0,,
2023-06-23,93.0,,,,,,
2023-06-24,,,54.0,,,,
2023-06-25,,,,105.0,,,
2023-06-26,,316.0,,,,,
2023-06-27,,,,,,90.0,
2023-06-28,,,,,,,131.0
2023-06-29,,,,,243.0,,
2023-06-30,133.0,,,,,,
2023-07-01,,,95.0,,,,
2023-07-02,,,,60.0,,,
2023-07-03,,214.0,,,,,
2023-07-04,,,,,,160.0,
2023-07-05,,,,,,,126.0
2023-07-06,,,,,124.0,,
2023-07-07,200.0,,,,,,
2023-07-08,,,134.0,,,,
2023-07-09,,,,56.0,,,
2023-07-10,,207.0,,,,,
2023-07-11,,,,,,217.0,
2023-07-12,,,,,,,160.0
2023-07-13,,,,,274.0,,
2023-07-14,228.0,,,,,,
2023-07-15,,,235.0,,,,
2023-07-16,,,,122.0,,,
2023-07-17,,326.0,,,,,
2023-07-18,,,,,,178.0,
2023-07-19,,,,,,,367.0
2023-07-20,,,,,197.0,,
2023-07-21,229.0,,,,,,
2023-07-22,,,97.0,,,,
2023-07-23,,,,91.0,,,
2023-07-24,,89.0,,,,,
2023-07-25,,,,,,239.0,
2023-07-26,,,,,,,306.0
2023-07-27,,,,,291.0,,
2023-07-28,70.0,,,,,,
2023-07-29,,,73.0,,,,
2023-07-30,,,,188.0,,,
2023-07-31,,266.0,,,,,
2023-08-01,,,,,,140.0,
2023-08-02,,,,,,,84.0
2023-08-03,,,,,258.0,,
2023-08-04,34.0,,,,,,
2023-08-05,,,175.0,,,,
2023-08-06,,,,130.0,,,
2023-08-07,,144.0,,,,,
2023-08-08,,,,,,218.0,
2023-08-09,,,,,,,180.0
2023-08-10,,,,,205.0,,
2023-08-11,110.0,,,,,,
2023-08-12,,,120.0,,,,
2023-08-13,,,,94.0,,,
2023-08-14,,73.0,,,,,
2023-08-15,,,,,,33.0,
2023-08-16,,,,,,,50.0
2023-08-17,,,,,84.0,,
2023-08-18,98.0,,,,,,
2023-08-19,,,59.0,,,,
2023-08-20,,,,144.0,,,
2023-08-21,,82.0,,,,,
2023-08-22,,,,,,161.0,
2023-08-23,,,,,,,145.0
2023-08-24,,,,,79.0,,
2023-08-25,123.0,,,,,,
2023-08-26,,,77.0,,,,
2023-08-27,,,,207.0,,,
2023-08-28,,125.0,,,,,
2023-08-29,,,,,,64.0,
2023-08-30,,,,,,,101.0
2023-09-01,17.0,,,,,,
2023-09-02,,,129.0,,,,
2023-09-03,,,,101.0,,,
2023-09-04,,50.0,,,,,
2023-09-05,,,,,,141.0,
2023-09-06,,,,,,,111.0
2023-09-07,,,,,117.0,,
2023-09-08,55.0,,,,,,
2023-09-09,,,101.0,,,,
2023-09-11,,153.0,,,,,
2023-09-12,,,,,,121.0,
2023-09-13,,,,,,,108.0
2023-09-14,,,,,177.0,,
2023-09-15,128.0,,,,,,
2023-09-16,,,98.0,,,,
2023-09-17,,,,245.0,,,
2023-09-18,,142.0,,,,,
2023-09-19,,,,,,129.0,
2023-09-20,,,,,,,148.0
2023-09-21,,,,,166.0,,
2023-09-22,337.0,,,,,,
2023-09-23,,,40.0,,,,
2023-09-24,,,,82.0,,,
2023-09-25,,232.0,,,,,
2023-09-26,,,,,,245.0,
2023-09-27,,,,,,,162.0
2023-09-28,,,,,330.0,,
2023-09-29,222.0,,,,,,
2023-09-30,,,60.0,,,,
2023-10-01,,,,150.0,,,
2023-10-02,,191.0,,,,,
2023-10-03,,,,,,226.0,
2023-10-04,,,,,,,305.0
2023-10-05,,,,,373.0,,
2023-10-06,158.0,,,,,,
2023-10-07,,,49.0,,,,
2023-10-08,,,,67.0,,,
2023-10-09,,244.0,,,,,
2023-10-10,,,,,,214.0,
2023-10-11,,,,,,,228.0
2023-10-12,,,,,212.0,,
2023-10-13,49.0,,,,,,
2023-10-14,,,61.0,,,,
2023-10-15,,,,103.0,,,
2023-10-16,,248.0,,,,,
2023-10-17,,,,,,152.0,
2023-10-18,,,,,,,297.0
2023-10-19,,,,,302.0,,
2023-10-20,160.0,,,,,,
2023-10-21,,,106.0,,,,
2023-10-22,,,,129.0,,,
2023-10-23,,126.0,,,,,
2023-10-24,,,,,,146.0,
2023-10-25,,,,,,,229.0
2023-10-26,,,,,237.0,,
2023-10-27,119.0,,,,,,
2023-10-28,,,113.0,,,,
2023-10-29,,,,104.0,,,
2023-10-30,,207.0,,,,,
2023-10-31,,,,,,121.0,
2023-11-01,,,,,,,137.0
2023-11-02,,,,,233.0,,
2023-11-03,187.0,,,,,,
2023-11-04,,,130.0,,,,
2023-11-05,,,,160.0,,,
2023-11-06,,342.0,,,,,
2023-11-07,,,,,,179.0,
2023-11-08,,,,,,,196.0
2023-11-09,,,,,264.0,,
2023-11-10,214.0,,,,,,
2023-11-11,,,273.0,,,,
2023-11-12,,,,161.0,,,
2023-11-13,,319.0,,,,,
2023-11-14,,,,,,397.0,
2023-11-15,,,,,,,221.0
2023-11-16,,,,,256.0,,
2023-11-17,143.0,,,,,,
2023-11-18,,,31.0,,,,
2023-11-19,,,,167.0,,,
2023-11-20,,176.0,,,,,
2023-11-21,,,,,,179.0,
2023-11-22,,,,,,,244.0
2023-11-23,,,,,88.0,,
2023-11-24,179.0,,,,,,
2023-11-25,,,150.0,,,,
2023-11-26,,,,92.0,,,
2023-11-27,,170.0,,,,,
2023-11-28,,,,,,141.0,
2023-11-29,,,,,,,185.0
2023-11-30,,,,,98.0,,
2023-12-01,270.0,,,,,,
2023-12-02,,,195.0,,,,
2023-12-03,,,,155.0,,,
2023-12-04,,268.0,,,,,
2023-12-05,,,,,,132.0,
2023-12-06,,,,,,,268.0
2023-12-07,,,,,315.0,,
2023-12-08,203.0,,,,,,
2023-12-09,,,134.0,,,,
2023-12-10,,,,193.0,,,
2023-12-11,,247.0,,,,,
2023-12-12,,,,,,230.0,
2023-12-13,,,,,,,223.0
2023-12-14,,,,,235.0,,
2023-12-15,189.0,,,,,,
2023-12-16,,,314.0,,,,
2023-12-17,,,,144.0,,,
2023-12-18,,232.0,,,,,
2023-12-19,,,,,,146.0,
2023-12-20,,,,,,,204.0
2023-12-21,,,,,219.0,,
2023-12-22,32.0,,,,,,
2023-12-23,,,253.0,,,,
2023-12-24,,,,9.0,,,
2023-12-25,,12.0,,,,,
2023-12-26,,,,,,229.0,
2023-12-27,,,,,,,418.0
2023-12-28,,,,,161.0,,
2023-12-29,152.0,,,,,,
2023-12-30,,,143.0,,,,
2023-12-31,,,,56.0,,,
2024-01-01,,83.0,,,,,
2024-01-02,,,,,,74.0,
2024-01-03,,,,,,,1.0
2024-01-04,,,,,84.0,,
2024-01-05,96.0,,,,,,
2024-01-06,,,98.0,,,,
2024-01-07,,,,65.0,,,
2024-01-08,,98.0,,,,,
2024-01-09,,,,,,171.0,
2024-01-10,,,,,,,159.0
2024-01-11,,,,,95.0,,
2024-01-12,51.0,,,,,,
2024-01-13,,,195.0,,,,
2024-01-14,,,,213.0,,,
2024-01-15,,127.0,,,,,
2024-01-16,,,,,,44.0,
2024-01-17,,,,,,,119.0
2024-01-18,,,,,220.0,,
2024-01-19,176.0,,,,,,
2024-01-20,,,20.0,,,,
2024-01-21,,,,62.0,,,
2024-01-22,,162.0,,,,,
2024-01-23,,,,,,144.0,
2024-01-24,,,,,,,99.0
2024-01-25,,,,,270.0,,
2024-01-26,137.0,,,,,,
2024-01-27,,,142.0,,,,
2024-01-28,,,,50.0,,,
2024-01-29,,150.0,,,,,
2024-01-30,,,,,,251.0,
2024-01-31,,,,,,,224.0
2024-02-01,,,,,305.0,,
2024-02-02,137.0,,,,,,
2024-02-03,,,30.0,,,,
2024-02-04,,,,114.0,,,
2024-02-05,,276.0,,,,,
2024-02-06,,,,,,240.0,
2024-02-07,,,,,,,243.0
2024-02-08,,,,,138.0,,
2024-02-09,186.0,,,,,,
2024-02-10,,,278.0,,,,
2024-02-11,,,,323.0,,,
2024-02-12,,112.0,,,,,
2024-02-13,,,,,,176.0,
2024-02-14,,,,,,,255.0
2024-02-15,,,,,168.0,,
2024-02-16,223.0,,,,,,
2024-02-17,,,163.0,,,,
2024-02-18,,,,114.0,,,
2024-02-19,,295.0,,,,,
2024-02-20,,,,,,250.0,
2024-02-21,,,,,,,203.0
2024-02-22,,,,,174.0,,
2024-02-23,363.0,,,,,,
2024-02-24,,,117.0,,,,
2024-02-25,,,,368.0,,,
2024-02-26,,1324.0,,,,,
2024-02-27,,,,,,254.0,
2024-02-28,,,,,,,191.0
2024-02-29,,,,,117.0,,
2024-03-01,63.0,,,,,,
2024-03-02,,,288.0,,,,
2024-03-03,,,,97.0,,,
2024-03-04,,357.0,,,,,
2024-03-05,,,,,,174.0,
2024-03-06,,,,,,,248.0
2024-03-07,,,,,213.0,,
2024-03-08,226.0,,,,,,
2024-03-09,,,107.0,,,,
2024-03-10,,,,97.0,,,
2024-03-11,,185.0,,,,,
2024-03-12,,,,,,135.0,
2024-03-13,,,,,,,147.0
2024-03-14,,,,,38.0,,
2024-03-15,279.0,,,,,,
2024-03-16,,,188.0,,,,
2024-03-17,,,,90.0,,,
2024-03-18,,256.0,,,,,
2024-03-19,,,,,,293.0,
2024-03-20,,,,,,,187.0
2024-03-21,,,,,254.0,,
2024-03-22,120.0,,,,,,
2024-03-23,,,281.0,,,,
2024-03-24,,,,183.0,,,
2024-03-25,,147.0,,,,,
2024-03-26,,,,,,159.0,
2024-03-27,,,,,,,158.0
2024-03-28,,,,,216.0,,
2024-03-29,103.0,,,,,,
2024-03-30,,,83.0,,,,
2024-03-31,,,,182.0,,,
2024-04-01,,229.0,,,,,
2024-04-02,,,,,,170.0,
2024-04-03,,,,,,,221.0
2024-04-04,,,,,221.0,,
2024-04-05,105.0,,,,,,
2024-04-06,,,128.0,,,,
2024-04-07,,,,86.0,,,
2024-04-08,,225.0,,,,,
2024-04-09,,,,,,154.0,
2024-04-10,,,,,,,315.0
2024-04-11,,,,,111.0,,
2024-04-12,185.0,,,,,,
2024-04-13,,,173.0,,,,
2024-04-14,,,,74.0,,,
2024-04-15,,208.0,,,,,
2024-04-16,,,,,,68.0,
2024-04-17,,,,,,,341.0
2024-04-18,,,,,192.0,,
2024-04-19,66.0,,,,,,
2024-04-20,,,261.0,,,,
2024-04-21,,,,126.0,,,
2024-04-22,,183.0,,,,,
2024-04-23,,,,,,138.0,
2024-04-24,,,,,,,255.0
2024-04-25,,,,,167.0,,
2024-04-26,201.0,,,,,,
2024-04-27,,,294.0,,,,
2024-04-28,,,,193.0,,,
2024-04-29,,308.0,,,,,
2024-04-30,,,,,,144.0,
2024-05-01,,,,,,,124.0
2024-05-02,,,,,195.0,,
2024-05-03,94.0,,,,,,
2024-05-04,,,82.0,,,,
2024-05-05,,,,298.0,,,
2024-05-06,,120.0,,,,,
2024-05-07,,,,,,271.0,
2024-05-08,,,,,,,27.0
2024-05-09,,,,,359.0,,
2024-05-10,152.0,,,,,,
2024-05-11,,,7.0,,,,
2024-05-12,,,,135.0,,,
2024-05-13,,302.0,,,,,
2024-05-14,,,,,,197.0,
2024-05-15,,,,,,,63.0
2024-05-16,,,,,112.0,,
2024-05-17,208.0,,,,,,
2024-05-18,,,142.0,,,,
2024-05-19,,,,96.0,,,
2024-05-20,,182.0,,,,,
2024-05-21,,,,,,149.0,
2024-05-22,,,,,,,142.0
2024-05-23,,,,,128.0,,
2024-05-24,284.0,,,,,,
2024-05-25,,,77.0,,,,
2024-05-27,,113.0,,,,,
2024-05-28,,,,,,99.0,
2024-05-29,,,,,,,81.0
2024-05-30,,,,,96.0,,
2024-05-31,266.0,,,,,,
2024-06-01,,,70.0,,,,
2024-06-02,,,,106.0,,,
2024-06-03,,126.0,,,,,
2024-06-04,,,,,,182.0,
2024-06-05,,,,,,,127.0
2024-06-06,,,,,66.0,,
2024-06-07,191.0,,,,,,
2024-06-08,,,232.0,,,,
2024-06-09,,,,192.0,,,
2024-06-10,,107.0,,,,,
2024-06-11,,,,,,108.0,
2024-06-12,,,,,,,100.0
2024-06-13,,,,,86.0,,
2024-06-14,158.0,,,,,,
2024-06-15,,,25.0,,,,
2024-06-16,,,,124.0,,,
2024-06-17,,112.0,,,,,
2024-06-18,,,,,,111.0,
2024-06-19,,,,,,,122.0
2024-06-20,,,,,194.0,,
2024-06-21,57.0,,,,,,
2024-06-22,,,66.0,,,,
2024-06-23,,,,178.0,,,
2024-06-24,,200.0,,,,,
2024-06-25,,,,,,99.0,
2024-06-26,,,,,,,173.0
2024-06-27,,,,,118.0,,
2024-06-28,130.0,,,,,,
2024-06-29,,,33.0,,,,
2024-06-30,,,,61.0,,,
2024-07-01,,84.0,,,,,
2024-07-02,,,,,,136.0,
2024-07-03,,,,,,,126.0
2024-07-04,,,,,81.0,,
2024-07-05,146.0,,,,,,
2024-07-06,,,35.0,,,,
2024-07-07,,,,11.0,,,
2024-07-08,,80.0,,,,,
2024-07-09,,,,,,81.0,
2024-07-10,,,,,,,176.0
2024-07-11,,,,,158.0,,
2024-07-12,156.0,,,,,,
2024-07-13,,,112.0,,,,
2024-07-14,,,,15.0,,,
2024-07-15,,46.0,,,,,
2024-07-16,,,,,,50.0,
2024-07-17,,,,,,,56.0
2024-07-18,,,,,136.0,,
2024-07-19,259.0,,,,,,
2024-07-20,,,45.0,,,,
2024-07-21,,,,34.0,,,
2024-07-22,,145.0,,,,,
2024-07-23,,,,,,103.0,
2024-07-24,,,,,,,145.0
2024-07-25,,,,,48.0,,
2024-07-26,255.0,,,,,,
2024-07-27,,,113.0,,,,
2024-07-28,,,,15.0,,,
2024-07-29,,106.0,,,,,
2024-07-30,,,,,,130.0,
2024-07-31,,,,,,,147.0
2024-08-01,,,,,136.0,,
2024-08-02,136.0,,,,,,
2024-08-03,,,148.0,,,,
2024-08-04,,,,169.0,,,
2024-08-05,,63.0,,,,,
2024-08-06,,,,,,282.0,
2024-08-07,,,,,,,70.0
2024-08-08,,,,,75.0,,
2024-08-09,27.0,,,,,,
2024-08-10,,,162.0,,,,
2024-08-11,,,,116.0,,,
2024-08-12,,56.0,,,,,
2024-08-13,,,,,,48.0,
2024-08-14,,,,,,,97.0
2024-08-15,,,,,52.0,,
2024-08-16,199.0,,,,,,
2024-08-17,,,98.0,,,,
2024-08-18,,,,47.0,,,
2024-08-19,,141.0,,,,,
2024-08-20,,,,,,16.0,
2024-08-21,,,,,,,95.0
2024-08-22,,,,,93.0,,
2024-08-23,208.0,,,,,,
2024-08-24,,,60.0,,,,
2024-08-25,,,,112.0,,,
2024-08-26,,153.0,,,,,
2024-08-27,,,,,,167.0,
2024-08-28,,,,,,,128.0
2024-08-29,,,,,65.0,,
2024-08-30,230.0,,,,,,
2024-08-31,,,79.0,,,,
2024-09-01,,,,85.0,,,
2024-09-02,,87.0,,,,,
2024-09-03,,,,,,77.0,
2024-09-04,,,,,,,27.0
2024-09-05,,,,,126.0,,
2024-09-06,20.0,,,,,,
2024-09-07,,,78.0,,,,
2024-09-08,,,,19.0,,,
2024-09-09,,138.0,,,,,
2024-09-10,,,,,,161.0,
2024-09-11,,,,,,,203.0
2024-09-12,,,,,52.0,,
2024-09-13,73.0,,,,,,
2024-09-14,,,86.0,,,,
2024-09-15,,,,32.0,,,
2024-09-16,,124.0,,,,,
2024-09-17,,,,,,217.0,
2024-09-18,,,,,,,218.0
2024-09-19,,,,,77.0,,
2024-09-20,87.0,,,,,,
2024-09-21,,,35.0,,,,
2024-09-22,,,,142.0,,,
2024-09-23,,92.0,,,,,
2024-09-24,,,,,,158.0,
2024-09-25,,,,,,,164.0
2024-09-26,,,,,99.0,,
2024-09-27,199.0,,,,,,
2024-09-28,,,123.0,,,,
2024-09-29,,,,167.0,,,
2024-09-30,,37.0,,,,,
2024-10-01,,,,,,272.0,
2024-10-02,,,,,,,187.0
2024-10-03,,,,,169.0,,
2024-10-04,53.0,,,,,,
2024-10-05,,,200.0,,,,
2024-10-06,,,,16.0,,,
2024-10-07,,69.0,,,,,
2024-10-08,,,,,,278.0,
2024-10-09,,,,,,,66.0
2024-10-10,,,,,43.0,,
2024-10-11,90.0,,,,,,
2024-10-12,,,46.0,,,,
2024-10-13,,,,104.0,,,
2024-10-14,,51.0,,,,,
2024-10-15,,,,,,118.0,
2024-10-16,,,,,,,79.0
2024-10-17,,,,,173.0,,
2024-10-18,59.0,,,,,,
2024-10-19,,,101.0,,,,
2024-10-20,,,,7.0,,,
2024-10-21,,88.0,,,,,
2024-10-22,,,,,,108.0,
2024-10-23,,,,,,,135.0
2024-10-24,,,,,41.0,,
2024-10-25,79.0,,,,,,
2024-10-26,,,112.0,,,,
2024-10-27,,,,54.0,,,
2024-10-28,,151.0,,,,,
2024-10-29,,,,,,95.0,
2024-10-30,,,,,,,107.0
2024-10-31,,,,,90.0,,
2024-11-01,142.0,,,,,,
2024-11-02,,,102.0,,,,
2024-11-03,,,,99.0,,,
2024-11-04,,109.0,,,,,
2024-11-05,,,,,,65.0,
2024-11-06,,,,,,,83.0
2024-11-07,,,,,119.0,,
2024-11-08,29.0,,,,,,
2024-11-09,,,100.0,,,,
2024-11-10,,,,48.0,,,
2024-11-11,,76.0,,,,,
2024-11-12,,,,,,147.0,
2024-11-13,,,,,,,139.0
2024-11-14,,,,,113.0,,
2024-11-15,56.0,,,,,,
2024-11-16,,,49.0,,,,
2024-11-17,,,,70.0,,,
2024-11-18,,79.0,,,,,
2024-11-19,,,,,,173.0,
2024-11-20,,,,,,,198.0
2024-11-21,,,,,17.0,,
2024-11-22,68.0,,,,,,
2024-11-23,,,75.0,,,,
2024-11-24,,,,7.0,,,
2024-11-25,,82.0,,,,,
2024-11-26,,,,,,37.0,
2024-11-27,,,,,,,30.0
2024-11-28,,,,,96.0,,
2024-11-29,194.0,,,,,,
2024-11-30,,,112.0,,,,
2024-12-01,,,,41.0,,,
2024-12-02,,172.0,,,,,
2024-12-03,,,,,,191.0,
2024-12-04,,,,,,,108.0
2024-12-05,,,,,117.0,,
2024-12-06,106.0,,,,,,
2024-12-07,,,62.0,,,,
2024-12-08,,,,53.0,,,
2024-12-09,,99.0,,,,,
2024-12-10,,,,,,83.0,
2024-12-11,,,,,,,142.0
2024-12-12,,,,,120.0,,
2024-12-13,203.0,,,,,,
2024-12-14,,,82.0,,,,
2024-12-15,,,,33.0,,,
2024-12-16,,61.0,,,,,
2024-12-17,,,,,,132.0,
2024-12-18,,,,,,,93.0
2024-12-20,2.0,,,,,,
2024-12-21,,,63.0,,,,
2024-12-22,,,,243.0,,,
2024-12-23,,98.0,,,,,
2024-12-24,,,,,,185.0,
2024-12-25,,,,,,,22.0
2024-12-26,,,,,322.0,,
2024-12-27,142.0,,,,,,
2024-12-28,,,104.0,,,,
2024-12-29,,,,59.0,,,
2024-12-30,,76.0,,,,,
2024-12-31,,,,,,87.0,
2025-01-01,,,,,,,110.0
2025-01-02,,,,,53.0,,
2025-01-03,101.0,,,,,,
2025-01-04,,,64.0,,,,
2025-01-05,,,,68.0,,,
2025-01-06,,83.0,,,,,
2025-01-07,,,,,,80.0,
2025-01-08,,,,,,,57.0
2025-01-09,,,,,87.0,,
2025-01-10,98.0,,,,,,
2025-01-11,,,42.0,,,,
2025-01-12,,,,43.0,,,
2025-01-13,,52.0,,,,,
2025-01-14,,,,,,65.0,
2025-01-15,,,,,,,77.0
2025-01-16,,,,,158.0,,
2025-01-17,218.0,,,,,,
2025-01-18,,,228.0,,,,
2025-01-19,,,,51.0,,,
2025-01-20,,69.0,,,,,
2025-01-21,,,,,,46.0,
2025-01-22,,,,,,,26.0
2025-01-23,,,,,70.0,,
2025-01-24,164.0,,,,,,
2025-01-25,,,84.0,,,,
2025-01-26,,,,83.0,,,
2025-01-27,,83.0,,,,,
2025-01-28,,,,,,59.0,
2025-01-29,,,,,,,71.0
2025-01-30,,,,,74.0,,
2025-01-31,49.0,,,,,,
2025-02-01,,,100.0,,,,
2025-02-02,,,,169.0,,,
2025-02-03,,118.0,,,,,
2025-02-04,,,,,,99.0,
2025-02-05,,,,,,,76.0
2025-02-06,,,,,8.0,,
2025-02-07,65.0,,,,,,
2025-02-08,,,60.0,,,,
2025-02-09,,,,46.0,,,
2025-02-10,,59.0,,,,,
2025-02-11,,,,,,261.0,
2025-02-12,,,,,,,109.0
2025-02-13,,,,,53.0,,
2025-02-14,145.0,,,,,,
2025-02-15,,,230.0,,,,
2025-02-16,,,,143.0,,,
2025-02-17,,133.0,,,,,
2025-02-18,,,,,,148.0,
2025-02-19,,,,,,,279.0
2025-02-20,,,,,124.0,,
2025-02-21,98.0,,,,,,
2025-02-22,,,90.0,,,,
2025-02-23,,,,147.0,,,
2025-02-24,,227.0,,,,,
2025-02-25,,,,,,50.0,
2025-02-26,,,,,,,106.0
2025-02-27,,,,,172.0,,
2025-02-28,116.0,,,,,,
2025-03-02,,,,156.0,,,
2025-03-03,,85.0,,,,,
2025-03-04,,,,,,217.0,
2025-03-05,,,,,,,65.0
2025-03-06,,,,,79.0,,
2025-03-07,229.0,,,,,,
2025-03-08,,,194.0,,,,
2025-03-09,,,,146.0,,,
2025-03-10,,154.0,,,,,
2025-03-11,,,,,,114.0,
2025-03-12,,,,,,,16.0
2025-03-13,,,,,61.0,,
2025-03-14,83.0,,,,,,
2025-03-15,,,151.0,,,,
2025-03-16,,,,126.0,,,
2025-03-17,,226.0,,,,,
2025-03-18,,,,,,33.0,
2025-03-19,,,,,,,97.0
2025-03-20,,,,,235.0,,
2025-03-21,48.0,,,,,,
2025-03-22,,,121.0,,,,
2025-03-23,,,,102.0,,,
2025-03-24,,177.0,,,,,
2025-03-25,,,,,,134.0,
2025-03-26,,,,,,,165.0
2025-03-27,,,,,114.0,,
2025-03-28,87.0,,,,,,
2025-03-29,,,268.0,,,,
2025-03-30,,,,142.0,,,
2025-03-31,,99.0,,,,,
2025-04-01,,,,,,208.0,
2025-04-02,,,,,,,54.0
2025-04-03,,,,,220.0,,
2025-04-04,139.0,,,,,,
2025-04-05,,,213.0,,,,
2025-04-06,,,,23.0,,,
2025-04-07,,168.0,,,,,
2025-04-08,,,,,,111.0,
2025-04-09,,,,,,,5.0
2025-04-10,,,,,15.0,,
2025-04-11,67.0,,,,,,
2025-04-12,,,190.0,,,,
2025-04-13,,,,311.0,,,
2025-04-14,,203.0,,,,,
2025-04-15,,,,,,31.0,
2025-04-16,,,,,,,32.0
2025-04-17,,,,,119.0,,
2025-04-18,41.0,,,,,,
2025-04-19,,,146.0,,,,
2025-04-20,,,,54.0,,,
2025-04-21,,121.0,,,,,
2025-04-22,,,,,,84.0,
2025-04-23,,,,,,,77.0
2025-04-24,,,,,124.0,,
2025-04-25,15.0,,,,,,
2025-04-26,,,105.0,,,,
2025-04-27,,,,78.0,,,
2025-04-28,,133.0,,,,,
2025-04-29,,,,,,164.0,
2025-04-30,,,,,,,78.0
2025-05-01,,,,,58.0,,
2025-05-02,178.0,,,,,,
2025-05-03,,,115.0,,,,
2025-05-04,,,,111.0,,,
2025-05-05,,210.0,,,,,
2025-05-06,,,,,,74.0,
2025-05-07,,,,,,,43.0
2025-05-08,,,,,200.0,,
2025-05-09,69.0,,,,,,
2025-05-10,,,145.0,,,,
2025-05-11,,,,208.0,,,
2025-05-12,,142.0,,,,,
2025-05-13,,,,,,34.0,
2025-05-14,,,,,,,32.0
2025-05-15,,,,,9.0,,
2025-05-16,34.0,,,,,,
2025-05-17,,,23.0,,,,
2025-05-18,,,,70.0,,,
2025-05-19,,41.0,,,,,
2025-05-20,,,,,,95.0,
2025-05-21,,,,,,,72.0
2025-05-22,,,,,13.0,,
2025-05-23,204.0,,,,,,
2025-05-24,,,3.0,,,,
2025-05-25,,,,17.0,,,
2025-05-26,,11.0,,,,,
2025-05-27,,,,,,13.0,
2025-05-28,,,,,,,12.0
2025-05-29,,,,,10.0,,
2025-05-30,65.0,,,,,,
2025-05-31,,,20.0,,,,
2025-06-01,,,,13.0,,,
2025-06-02,,38.0,,,,,
2025-06-03,,,,,,5.0,
2025-06-04,,,,,,,38.0
2025-06-05,,,,,13.0,,
2025-06-06,21.0,,,,,,
2025-06-07,,,2.0,,,,
2025-06-08,,,,123.0,,,
